id,original_list_id
02130f4c-fb71-42e4-ae1c-278dd43ba13b,18700a3e-e49d-4ef5-82c0-37c3e2db88d7
02a2ecad-33e1-4f61-869a-3dd80bf9ad3d,18700a3e-e49d-4ef5-82c0-37c3e2db88d7
02b1ec62-8875-4bd0-b74f-8c4276be04ab,18700a3e-e49d-4ef5-82c0-37c3e2db88d7
02ba5c93-8c2d-43d4-ba36-e11873a23a21,18700a3e-e49d-4ef5-82c0-37c3e2db88d7
02c86e3c-a162-4d4c-96df-53d15884f6e0,18700a3e-e49d-4ef5-82c0-37c3e2db88d7
03d0f3ae-4751-45a7-b616-6205f0fc58e6,18700a3e-e49d-4ef5-82c0-37c3e2db88d7
03d97011-133b-4e1c-98e6-a9abcb72a10a,18700a3e-e49d-4ef5-82c0-37c3e2db88d7
03fdca78-2857-408a-9eae-9f3377ae4e02,18700a3e-e49d-4ef5-82c0-37c3e2db88d7
045bad10-75cc-41b3-80c8-8b56646bec51,18700a3e-e49d-4ef5-82c0-37c3e2db88d7
0568fdbe-dd49-4dce-a744-a3594c7c3aee,18700a3e-e49d-4ef5-82c0-37c3e2db88d7
05c98c83-ca37-4d85-867a-68c3bba9fd14,
07676fa7-02c9-4fe0-8ece-eba13c80b462,18700a3e-e49d-4ef5-82c0-37c3e2db88d7
0771b382-1770-4744-af04-84d2993b4dd1,18700a3e-e49d-4ef5-82c0-37c3e2db88d7
07a48e14-b260-4b4d-afee-f481f03a4555,18700a3e-e49d-4ef5-82c0-37c3e2db88d7
07ad0c79-cb7d-41a7-9079-f53a37e1e3c8,18700a3e-e49d-4ef5-82c0-37c3e2db88d7
0867d24d-693e-4ea7-9124-cac9393ca53e,18700a3e-e49d-4ef5-82c0-37c3e2db88d7
08c4c47f-ec32-4b6b-a302-d35352aa23c0,18700a3e-e49d-4ef5-82c0-37c3e2db88d7
08cd780c-1575-47b3-ad95-b9c26eed625d,18700a3e-e49d-4ef5-82c0-37c3e2db88d7
090d9e4b-543d-414a-a5ff-28619e20f508,18700a3e-e49d-4ef5-82c0-37c3e2db88d7
0ab6d502-bee4-42f0-aafa-fb35e13c0aa4,18700a3e-e49d-4ef5-82c0-37c3e2db88d7
0ada0ba0-a25a-4058-bb8c-bd0f32364805,18700a3e-e49d-4ef5-82c0-37c3e2db88d7
0b4004d4-4623-47c9-9fc4-d1b09309ddee,18700a3e-e49d-4ef5-82c0-37c3e2db88d7
0b809f90-52a2-41b0-9c83-8f119d12461b,18700a3e-e49d-4ef5-82c0-37c3e2db88d7
0bf933a6-cc3d-4936-a356-d7fd3e9b5af5,18700a3e-e49d-4ef5-82c0-37c3e2db88d7
0c843371-ca76-4cd4-8fea-b8ed0b597258,18700a3e-e49d-4ef5-82c0-37c3e2db88d7
0d133385-4927-4501-a796-a0213485a55e,18700a3e-e49d-4ef5-82c0-37c3e2db88d7
0e5668b0-e6b5-4f83-865d-c9eae4c85bd1,18700a3e-e49d-4ef5-82c0-37c3e2db88d7
0f2b5f20-579e-46a5-b7e1-ba9d26316eec,18700a3e-e49d-4ef5-82c0-37c3e2db88d7
108b476b-29c7-421e-b88b-e558596f678e,18700a3e-e49d-4ef5-82c0-37c3e2db88d7
10a620b8-012c-4122-b785-9c8b6d26c06c,18700a3e-e49d-4ef5-82c0-37c3e2db88d7
114dc3a3-3040-49b8-9c6f-7d5d0fdfd2cd,136bb0f5-3077-471d-a9f9-265f86ba33c3
11aafae5-6e3a-4059-a715-7caad0678860,18700a3e-e49d-4ef5-82c0-37c3e2db88d7
11e79e6d-7659-41e7-b3d3-5df835b100b8,18700a3e-e49d-4ef5-82c0-37c3e2db88d7
1225482d-8c67-44ce-9e9a-3f9520a9d10f,18700a3e-e49d-4ef5-82c0-37c3e2db88d7
1289a1bc-a5f7-4cfe-890a-e2fde28d73d2,18700a3e-e49d-4ef5-82c0-37c3e2db88d7
1364d53d-e4a0-4047-a77b-af16c9e784f7,18700a3e-e49d-4ef5-82c0-37c3e2db88d7
13b91cdd-9de5-4ab6-938a-cc14401c2640,18700a3e-e49d-4ef5-82c0-37c3e2db88d7
13c075d1-084a-4304-bc40-b6c5b35e011a,18700a3e-e49d-4ef5-82c0-37c3e2db88d7
13e5e98c-b118-4102-8cc9-6cb2434aa831,18700a3e-e49d-4ef5-82c0-37c3e2db88d7
141d3312-40ec-4dd5-89a1-1ecfb22c4391,
14700622-22a5-451d-8909-1772a019eff5,18700a3e-e49d-4ef5-82c0-37c3e2db88d7
150cb029-4f44-4c67-a434-fdc0848209bf,18700a3e-e49d-4ef5-82c0-37c3e2db88d7
155d13c4-8913-4a06-9183-4b373360d043,18700a3e-e49d-4ef5-82c0-37c3e2db88d7
165a1eb5-9b45-4905-9f56-c52a72d24ea2,18700a3e-e49d-4ef5-82c0-37c3e2db88d7
16fa9991-c49f-4416-b39b-0c6c42982fad,18700a3e-e49d-4ef5-82c0-37c3e2db88d7
179bb872-a310-4dd7-852c-7efa0084e078,18700a3e-e49d-4ef5-82c0-37c3e2db88d7
1808a1e2-7caa-4a16-943e-3ce1a41e4636,18700a3e-e49d-4ef5-82c0-37c3e2db88d7
18a9eba2-5117-4840-b181-98603cf7f9cd,18700a3e-e49d-4ef5-82c0-37c3e2db88d7
18fb5c38-4e49-47ce-aa90-de98d818af63,18700a3e-e49d-4ef5-82c0-37c3e2db88d7
19011167-ca5a-4c4b-a305-65e719049fef,18700a3e-e49d-4ef5-82c0-37c3e2db88d7
19e778cf-3687-4a91-93a6-a7ec3438b2df,18700a3e-e49d-4ef5-82c0-37c3e2db88d7
1a699fb3-a0bb-4b17-aa41-a88a801438da,18700a3e-e49d-4ef5-82c0-37c3e2db88d7
1a773c4a-864b-47dc-ba5e-dccf9fb6271d,18700a3e-e49d-4ef5-82c0-37c3e2db88d7
1aa59b31-9663-4de9-a821-21cf722de211,18700a3e-e49d-4ef5-82c0-37c3e2db88d7
1bc6dcd8-747b-4726-ac09-aeae0fe38069,18700a3e-e49d-4ef5-82c0-37c3e2db88d7
1bed0b7b-732f-4a34-b175-dc6afd1da6f4,18700a3e-e49d-4ef5-82c0-37c3e2db88d7
1cec9585-318e-4c03-9adc-bfe37e04ac18,18700a3e-e49d-4ef5-82c0-37c3e2db88d7
1d3d81e8-6684-4056-a03e-cf0299cf3fe2,18700a3e-e49d-4ef5-82c0-37c3e2db88d7
1ee11956-5524-4e1a-80cc-fab09a497212,18700a3e-e49d-4ef5-82c0-37c3e2db88d7
1f8df509-738e-48d9-8b40-ccb72b6d5d62,18700a3e-e49d-4ef5-82c0-37c3e2db88d7
1fd2600a-a9f1-4f0c-ba32-c05b67eba656,18700a3e-e49d-4ef5-82c0-37c3e2db88d7
202320f6-44c2-4063-9c5a-d062feebfe48,18700a3e-e49d-4ef5-82c0-37c3e2db88d7
210d44f3-8293-49a2-bb20-b7077b22c9a2,18700a3e-e49d-4ef5-82c0-37c3e2db88d7
21e1d12f-ed8c-4920-b480-615f258717cd,18700a3e-e49d-4ef5-82c0-37c3e2db88d7
2298cfe9-0c32-4047-9dcb-46b39f690f63,18700a3e-e49d-4ef5-82c0-37c3e2db88d7
22ee10b5-d4b5-4497-9dee-026c83a7b87f,18700a3e-e49d-4ef5-82c0-37c3e2db88d7
23de6460-3713-4140-ba78-735248a65b16,18700a3e-e49d-4ef5-82c0-37c3e2db88d7
24228ab6-ef81-416e-b18f-3fed8cb9ca97,18700a3e-e49d-4ef5-82c0-37c3e2db88d7
2466f1d5-6f61-4186-b5d0-11e23112696d,18700a3e-e49d-4ef5-82c0-37c3e2db88d7
24a8f00a-d369-40c4-8843-09285c6b5ff1,18700a3e-e49d-4ef5-82c0-37c3e2db88d7
24b615d7-7f13-48b3-8fb3-27be6dd834f0,18700a3e-e49d-4ef5-82c0-37c3e2db88d7
259d312d-2f20-4d94-86e5-c1f6410a0d59,18700a3e-e49d-4ef5-82c0-37c3e2db88d7
25c89885-3299-4751-903e-62f0fffe0e2a,18700a3e-e49d-4ef5-82c0-37c3e2db88d7
26ad9b67-28da-4948-b648-818cdc849e66,18700a3e-e49d-4ef5-82c0-37c3e2db88d7
26e79984-b1bd-423a-83c6-b0895fec8e2e,18700a3e-e49d-4ef5-82c0-37c3e2db88d7
272243d5-a332-47d4-b8ba-3ad11518ec06,18700a3e-e49d-4ef5-82c0-37c3e2db88d7
27f93dda-e2df-4834-a67d-5263938542f6,18700a3e-e49d-4ef5-82c0-37c3e2db88d7
280cd757-fbd4-4506-988e-6a844f4e778a,18700a3e-e49d-4ef5-82c0-37c3e2db88d7
281beda5-6620-43cc-a653-9afd6d9f4269,18700a3e-e49d-4ef5-82c0-37c3e2db88d7
29fe43c8-8264-4cbe-91f6-aca7a2d7d355,18700a3e-e49d-4ef5-82c0-37c3e2db88d7
2a9771ce-f271-4cfc-990c-2a613be76324,18700a3e-e49d-4ef5-82c0-37c3e2db88d7
2ae0aa1c-3bed-4c45-9ce8-84c8646fb062,18700a3e-e49d-4ef5-82c0-37c3e2db88d7
2d8b7220-43ef-49ac-8fe2-4ad3427de83e,18700a3e-e49d-4ef5-82c0-37c3e2db88d7
2efc945f-f631-4899-a6f5-2c554a7f5d15,18700a3e-e49d-4ef5-82c0-37c3e2db88d7
2f4785f0-acf4-4fc1-988e-b4a1c39759ea,18700a3e-e49d-4ef5-82c0-37c3e2db88d7
2fe80861-0d7f-48aa-8e72-917c7f2d6f19,18700a3e-e49d-4ef5-82c0-37c3e2db88d7
304deeb3-5a37-45d0-b46e-583418c3c09a,18700a3e-e49d-4ef5-82c0-37c3e2db88d7
315149a0-a55e-4d80-9dfb-f4a8fd183f21,18700a3e-e49d-4ef5-82c0-37c3e2db88d7
31a95603-458d-4cd8-9977-80a799a0a965,18700a3e-e49d-4ef5-82c0-37c3e2db88d7
323d37f4-d4ef-4726-8e58-85b9e173be5f,18700a3e-e49d-4ef5-82c0-37c3e2db88d7
327cb962-efaa-4528-ab69-a89e8e6b1a2c,18700a3e-e49d-4ef5-82c0-37c3e2db88d7
33378631-ba17-4568-943a-86ef1f27c713,136bb0f5-3077-471d-a9f9-265f86ba33c3
33d5b6f2-7e03-4cbd-8863-a978ab2092bc,18700a3e-e49d-4ef5-82c0-37c3e2db88d7
33dc7815-a4ff-4b79-8f33-92151f3b898e,18700a3e-e49d-4ef5-82c0-37c3e2db88d7
35024822-0a38-4fd2-a935-437194211d76,18700a3e-e49d-4ef5-82c0-37c3e2db88d7
35b8e385-d84c-441d-8b8f-4b52b95299d7,136bb0f5-3077-471d-a9f9-265f86ba33c3
3662f09b-00f4-42f3-aefa-8cdef9ab6be8,18700a3e-e49d-4ef5-82c0-37c3e2db88d7
36cd117c-5800-463e-89dc-3496193c1e3d,18700a3e-e49d-4ef5-82c0-37c3e2db88d7
36cd8038-1c71-4c82-a55f-5256134ab694,18700a3e-e49d-4ef5-82c0-37c3e2db88d7
379363fd-a695-4843-bc97-3397efd9d47a,18700a3e-e49d-4ef5-82c0-37c3e2db88d7
37b7ec4e-fc4a-4313-bf28-96846a9082cd,18700a3e-e49d-4ef5-82c0-37c3e2db88d7
37de4e87-0771-4ef0-ac8a-44ba358e446e,18700a3e-e49d-4ef5-82c0-37c3e2db88d7
38e4eb10-0101-41db-9a11-6b2ec12db4fa,18700a3e-e49d-4ef5-82c0-37c3e2db88d7
399de337-3ab0-4bb9-aee3-99cfddda1f50,136bb0f5-3077-471d-a9f9-265f86ba33c3
39f96d77-6c79-4cea-8f91-6465050b2afc,18700a3e-e49d-4ef5-82c0-37c3e2db88d7
3aa36467-ff9e-4f83-96f5-9a31149ebbc9,18700a3e-e49d-4ef5-82c0-37c3e2db88d7
3b752bd4-756a-47ee-b04b-445d7978e53b,18700a3e-e49d-4ef5-82c0-37c3e2db88d7
3b94116f-c8fe-4681-84b6-9dc79e53a62d,18700a3e-e49d-4ef5-82c0-37c3e2db88d7
3b984472-5626-4982-8d36-c9dfd67aa9e1,18700a3e-e49d-4ef5-82c0-37c3e2db88d7
3bc8bb93-581a-4ab4-8a95-6269bb991b13,18700a3e-e49d-4ef5-82c0-37c3e2db88d7
3bd6d52f-a1db-4dad-93aa-f99fe988c0ad,18700a3e-e49d-4ef5-82c0-37c3e2db88d7
3c351375-a5d9-4842-b407-c22dc58927d8,18700a3e-e49d-4ef5-82c0-37c3e2db88d7
3c995f32-1cff-45f1-97fb-13b981d867cc,18700a3e-e49d-4ef5-82c0-37c3e2db88d7
3cd8c034-ce63-4473-b7b4-e1e55079a2df,18700a3e-e49d-4ef5-82c0-37c3e2db88d7
3ddbaa0e-d719-4b7b-900f-b2dea8547890,18700a3e-e49d-4ef5-82c0-37c3e2db88d7
3e54196c-7b60-499f-ba20-2d9b0af24e6f,18700a3e-e49d-4ef5-82c0-37c3e2db88d7
3ff29a90-5579-47f9-99ff-63dbd3e06496,18700a3e-e49d-4ef5-82c0-37c3e2db88d7
40b75156-2d9f-46a9-82b4-935345466b3c,18700a3e-e49d-4ef5-82c0-37c3e2db88d7
40cc83ad-3e51-467f-be51-5703e5a30777,18700a3e-e49d-4ef5-82c0-37c3e2db88d7
4112b1b0-a602-4fc4-9320-e4e903e7e9cd,18700a3e-e49d-4ef5-82c0-37c3e2db88d7
41d960d0-70a9-4eaa-a562-72744a6e6e8d,18700a3e-e49d-4ef5-82c0-37c3e2db88d7
42332e6e-982a-4d6f-ab84-84079f3ed084,18700a3e-e49d-4ef5-82c0-37c3e2db88d7
42b88959-751f-4e91-b754-c19b1bb9476e,18700a3e-e49d-4ef5-82c0-37c3e2db88d7
42e9c84c-6520-447a-adde-7d79c7f2b452,18700a3e-e49d-4ef5-82c0-37c3e2db88d7
42f28417-7cc4-4d86-b969-0a112527fbb6,18700a3e-e49d-4ef5-82c0-37c3e2db88d7
42f3e133-1153-4a28-aeb1-8aca85aff0cf,18700a3e-e49d-4ef5-82c0-37c3e2db88d7
43087525-6024-4482-a207-ba54c10d8e8b,18700a3e-e49d-4ef5-82c0-37c3e2db88d7
43b4b78b-48bd-45a8-a94d-58531a3fc500,18700a3e-e49d-4ef5-82c0-37c3e2db88d7
4400ecc7-0a67-4c7c-b8b8-35ff227b79d9,18700a3e-e49d-4ef5-82c0-37c3e2db88d7
44820864-5ef3-47b7-a6be-2bb4fc394f68,18700a3e-e49d-4ef5-82c0-37c3e2db88d7
4512f188-5a84-472c-bf20-f0c025a1b14f,18700a3e-e49d-4ef5-82c0-37c3e2db88d7
4574a3d1-bef5-49cb-b5e8-59d2aecd54f2,18700a3e-e49d-4ef5-82c0-37c3e2db88d7
46a172b8-1844-4533-b5db-e58b14721463,18700a3e-e49d-4ef5-82c0-37c3e2db88d7
490b28d1-9a51-47f1-9d5e-3786b860767f,18700a3e-e49d-4ef5-82c0-37c3e2db88d7
49ce55e4-5bda-42f2-bbfd-d3618171e460,18700a3e-e49d-4ef5-82c0-37c3e2db88d7
49eeffff-3435-4dd8-bb30-e4c1dec0f60f,18700a3e-e49d-4ef5-82c0-37c3e2db88d7
4a6b14de-1dcf-41cf-a5c5-8ca78093bfce,18700a3e-e49d-4ef5-82c0-37c3e2db88d7
4ab70ce4-4a10-47be-9c2d-cdf1a0c250c6,18700a3e-e49d-4ef5-82c0-37c3e2db88d7
4acd944d-5ee4-482b-8757-01554a5f9b1f,18700a3e-e49d-4ef5-82c0-37c3e2db88d7
4b38446b-4ec2-44e3-a305-f6c9e833e05a,18700a3e-e49d-4ef5-82c0-37c3e2db88d7
502b4ca1-7c36-4f49-89c0-485d0dce88d8,18700a3e-e49d-4ef5-82c0-37c3e2db88d7
50c52416-55eb-4682-8ec4-89b88a3f2fec,18700a3e-e49d-4ef5-82c0-37c3e2db88d7
516e196b-3d4a-4028-a425-5b13b4b12b4d,18700a3e-e49d-4ef5-82c0-37c3e2db88d7
5239453d-5180-4342-ad1e-eeba08f7259a,18700a3e-e49d-4ef5-82c0-37c3e2db88d7
53654557-1f14-4c2c-a29e-4d9256640265,18700a3e-e49d-4ef5-82c0-37c3e2db88d7
5476f9ea-931b-4ab3-be40-504c44fa630e,18700a3e-e49d-4ef5-82c0-37c3e2db88d7
5607e34f-f642-45c1-9d62-ed28e22123cd,18700a3e-e49d-4ef5-82c0-37c3e2db88d7
560f3ac2-df10-4e7a-bb20-ed886b701077,18700a3e-e49d-4ef5-82c0-37c3e2db88d7
56d38a0c-6510-4f96-8410-eccd442c46c8,18700a3e-e49d-4ef5-82c0-37c3e2db88d7
56e21feb-b75a-46e6-8b59-1713af2b5b37,18700a3e-e49d-4ef5-82c0-37c3e2db88d7
58e7b37b-586c-43e1-b0f0-1a2e46e3fb04,18700a3e-e49d-4ef5-82c0-37c3e2db88d7
5908bdb4-0579-4570-a847-56492deb5546,18700a3e-e49d-4ef5-82c0-37c3e2db88d7
5a6b86a9-b278-4dfe-b8a3-f41b72b6d0fd,18700a3e-e49d-4ef5-82c0-37c3e2db88d7
5acca756-abf6-4e9a-b61b-65859b725a64,18700a3e-e49d-4ef5-82c0-37c3e2db88d7
5b2a4ae5-1e74-43fc-bf41-69ff723e44d2,18700a3e-e49d-4ef5-82c0-37c3e2db88d7
5b4ed130-bbba-4c9b-a7ac-0e4d31ef3520,18700a3e-e49d-4ef5-82c0-37c3e2db88d7
5e332044-8572-48b1-8ed8-9c2b127b73a4,18700a3e-e49d-4ef5-82c0-37c3e2db88d7
5f10e5e8-8877-4af2-9a69-8b2911ec02a5,18700a3e-e49d-4ef5-82c0-37c3e2db88d7
5f5135ba-3f17-4e26-aaf0-18eaec0053fe,18700a3e-e49d-4ef5-82c0-37c3e2db88d7
5fb46d64-6ae2-4441-8732-5d2ee9d0490f,18700a3e-e49d-4ef5-82c0-37c3e2db88d7
607631bb-0f6c-4b47-bf54-39e56edb0a2a,18700a3e-e49d-4ef5-82c0-37c3e2db88d7
60b5f127-ea8d-409c-a55a-36bbc95dfb13,18700a3e-e49d-4ef5-82c0-37c3e2db88d7
610e53f8-8c77-47ed-a88f-ae48f8b37ffa,18700a3e-e49d-4ef5-82c0-37c3e2db88d7
61674837-6578-4478-b029-8326021a3c3f,18700a3e-e49d-4ef5-82c0-37c3e2db88d7
6240870a-af48-403f-838e-2c93c50ec0b1,18700a3e-e49d-4ef5-82c0-37c3e2db88d7
631cccf1-1e90-4661-b6ff-e9ef86e96d0a,18700a3e-e49d-4ef5-82c0-37c3e2db88d7
6343f9ed-4fce-4451-9c3f-9fdc56c96bc2,18700a3e-e49d-4ef5-82c0-37c3e2db88d7
63ccb1ee-72dd-4a71-9b6c-d94136c4c17a,18700a3e-e49d-4ef5-82c0-37c3e2db88d7
63f939a3-de5a-4022-a547-d01607a0a03a,18700a3e-e49d-4ef5-82c0-37c3e2db88d7
666884aa-1bf6-49f1-b23b-bf22c127cc80,18700a3e-e49d-4ef5-82c0-37c3e2db88d7
67e7a993-15a5-4863-9bf4-6d9601bd922c,18700a3e-e49d-4ef5-82c0-37c3e2db88d7
68e2445c-49f7-468b-b05a-3e03b16db48f,18700a3e-e49d-4ef5-82c0-37c3e2db88d7
6988ee87-77f7-48fb-a2a2-da45c1996414,18700a3e-e49d-4ef5-82c0-37c3e2db88d7
69999abf-f93d-4d9a-b46b-dc133d078bea,18700a3e-e49d-4ef5-82c0-37c3e2db88d7
6a94a3f8-0f67-4d2f-85fb-d1558ba31459,18700a3e-e49d-4ef5-82c0-37c3e2db88d7
6b24ced4-1c85-47ea-99a1-97d6274866a3,18700a3e-e49d-4ef5-82c0-37c3e2db88d7
6c55df0e-111b-46f7-a4f8-3b379efb7971,18700a3e-e49d-4ef5-82c0-37c3e2db88d7
6c58f812-e001-493c-b21a-426f0f149ecb,18700a3e-e49d-4ef5-82c0-37c3e2db88d7
6cd83d6e-2961-4127-9726-0aa72520f807,18700a3e-e49d-4ef5-82c0-37c3e2db88d7
6cfcc354-dd6c-4c18-b02e-8734873e6f07,18700a3e-e49d-4ef5-82c0-37c3e2db88d7
6d387379-0fa6-4b02-bb00-d792ec76a019,18700a3e-e49d-4ef5-82c0-37c3e2db88d7
6d8bfe20-1d5a-43dc-a56f-bb99babef45d,18700a3e-e49d-4ef5-82c0-37c3e2db88d7
6e3bb15a-64ab-4809-921c-8fb3aa2e01ee,18700a3e-e49d-4ef5-82c0-37c3e2db88d7
6e476608-3c31-4913-83fa-cda4ae360a3d,18700a3e-e49d-4ef5-82c0-37c3e2db88d7
6e77508d-2195-43b3-83b2-7ee3ae8816a5,18700a3e-e49d-4ef5-82c0-37c3e2db88d7
6f696b51-a27e-4b41-9d24-c860021f00cd,18700a3e-e49d-4ef5-82c0-37c3e2db88d7
6f7568b5-9699-423f-a545-c5b0ea185379,18700a3e-e49d-4ef5-82c0-37c3e2db88d7
71dea635-8e21-4f3c-9286-2a6ee837a022,18700a3e-e49d-4ef5-82c0-37c3e2db88d7
72410ea2-5a57-404a-969b-c6e4b52f77f3,18700a3e-e49d-4ef5-82c0-37c3e2db88d7
72df08ee-639a-4d5a-a707-764c49c44b7f,18700a3e-e49d-4ef5-82c0-37c3e2db88d7
748de066-39a1-4a95-b9b3-7d57c7e3eb16,18700a3e-e49d-4ef5-82c0-37c3e2db88d7
7494bfc2-f5d3-4f3a-92b7-70004b31a1bd,18700a3e-e49d-4ef5-82c0-37c3e2db88d7
74bf70e6-c3fb-4d93-9315-4367f21fa18e,18700a3e-e49d-4ef5-82c0-37c3e2db88d7
75866658-179f-4ecc-abea-031a12af69d0,18700a3e-e49d-4ef5-82c0-37c3e2db88d7
758d14c4-29f7-47c8-beae-06fd2b5a3330,18700a3e-e49d-4ef5-82c0-37c3e2db88d7
75a72405-87a0-4843-80c5-10e5eb1c0640,18700a3e-e49d-4ef5-82c0-37c3e2db88d7
75af27b0-7453-49f9-a7c7-c9c53f846643,18700a3e-e49d-4ef5-82c0-37c3e2db88d7
771c94c1-1ade-422e-97ec-49694d4d1875,18700a3e-e49d-4ef5-82c0-37c3e2db88d7
77478c31-2c88-4e08-aac7-2f7d3c41b457,18700a3e-e49d-4ef5-82c0-37c3e2db88d7
77526452-fcaa-4a73-b6ac-8154aa6f059e,18700a3e-e49d-4ef5-82c0-37c3e2db88d7
7918ffc8-bfe1-4f7a-9f23-28a555f745b3,18700a3e-e49d-4ef5-82c0-37c3e2db88d7
7968ad65-d9e6-4474-a1aa-f6349da7ff2f,18700a3e-e49d-4ef5-82c0-37c3e2db88d7
79af7a71-bf89-4f80-a1d0-c71a7dd48d00,18700a3e-e49d-4ef5-82c0-37c3e2db88d7
7a7b8f61-063b-4f4d-ba4f-c387aa3d848a,18700a3e-e49d-4ef5-82c0-37c3e2db88d7
7af24c21-5bed-494a-9d48-c3621ac88331,18700a3e-e49d-4ef5-82c0-37c3e2db88d7
7b66897b-2cb8-4018-ad9e-7a727a8a6a7d,18700a3e-e49d-4ef5-82c0-37c3e2db88d7
7d68daa3-51cc-4a15-bd2b-42181764e51c,136bb0f5-3077-471d-a9f9-265f86ba33c3
7dfe195c-2da0-4b13-a0fe-7c1188e5b970,18700a3e-e49d-4ef5-82c0-37c3e2db88d7
7f6b2b27-40ba-4865-ba85-023bcf734512,18700a3e-e49d-4ef5-82c0-37c3e2db88d7
7fd90130-f5dd-45f9-8d6a-d0c64aff4205,18700a3e-e49d-4ef5-82c0-37c3e2db88d7
804b56e9-f00e-44de-a5bd-2a98aba32442,18700a3e-e49d-4ef5-82c0-37c3e2db88d7
806a27b4-ba05-4046-9c25-47e2b40b12d8,18700a3e-e49d-4ef5-82c0-37c3e2db88d7
80b429d3-3433-48f4-a17c-ef98903074d9,18700a3e-e49d-4ef5-82c0-37c3e2db88d7
813d020a-0185-4336-b640-e54b7ef3b009,18700a3e-e49d-4ef5-82c0-37c3e2db88d7
816f421e-838d-4e3d-92a4-59a7d232b607,18700a3e-e49d-4ef5-82c0-37c3e2db88d7
81709db5-cba5-43fd-8816-4968b2df0de0,18700a3e-e49d-4ef5-82c0-37c3e2db88d7
8235b45c-a0a2-45e2-8f7e-52c6cb6452eb,18700a3e-e49d-4ef5-82c0-37c3e2db88d7
840ec738-2b0f-40ad-b3b5-29c93301e8e6,18700a3e-e49d-4ef5-82c0-37c3e2db88d7
843abffc-3921-4c77-9428-f972456b0f20,18700a3e-e49d-4ef5-82c0-37c3e2db88d7
84d652bc-e5fc-4c54-9fbc-94ed57e1aa12,18700a3e-e49d-4ef5-82c0-37c3e2db88d7
86b71e20-c51f-4505-a885-fa7611600dbb,18700a3e-e49d-4ef5-82c0-37c3e2db88d7
86d1c836-59a4-4e6e-8744-f04df099244f,18700a3e-e49d-4ef5-82c0-37c3e2db88d7
882448b2-11c8-45ee-8e2e-59a79da289fd,18700a3e-e49d-4ef5-82c0-37c3e2db88d7
888e38cc-ac07-498e-8541-408caf03553e,18700a3e-e49d-4ef5-82c0-37c3e2db88d7
88b7f42a-d4cb-486c-adf8-cfaad5c47258,18700a3e-e49d-4ef5-82c0-37c3e2db88d7
88f68f2a-496e-481b-80ae-7a0e74968291,18700a3e-e49d-4ef5-82c0-37c3e2db88d7
8a5a2e3d-30c5-4db4-9cd9-e38a4ca7f9f0,18700a3e-e49d-4ef5-82c0-37c3e2db88d7
8b2e9e86-e722-46a2-bed7-029646464d5a,18700a3e-e49d-4ef5-82c0-37c3e2db88d7
8b31c780-c86b-430c-a9d9-e50dad4eeedf,18700a3e-e49d-4ef5-82c0-37c3e2db88d7
8b6a3f70-5557-4e43-ae25-7b9c92318bf7,18700a3e-e49d-4ef5-82c0-37c3e2db88d7
8be700cb-370f-48be-915c-411a3a38fac4,18700a3e-e49d-4ef5-82c0-37c3e2db88d7
8c51a225-2dc3-47ca-af16-9322ff281edb,18700a3e-e49d-4ef5-82c0-37c3e2db88d7
8cfb050a-b801-4d68-8ccf-2d23504a529f,18700a3e-e49d-4ef5-82c0-37c3e2db88d7
8d5db4af-556b-4168-b5de-4012e2e48a1b,18700a3e-e49d-4ef5-82c0-37c3e2db88d7
8d7ce7a5-6684-49e0-92ab-5a63188a9444,18700a3e-e49d-4ef5-82c0-37c3e2db88d7
8e7cb528-aeb8-440a-9a77-8951e733fdfa,18700a3e-e49d-4ef5-82c0-37c3e2db88d7
8ea6fc74-e573-44aa-9709-bf56f50b1609,18700a3e-e49d-4ef5-82c0-37c3e2db88d7
8f1e7c92-4862-4e69-a1aa-b3e2896aa7b6,18700a3e-e49d-4ef5-82c0-37c3e2db88d7
8facea47-4dab-4cef-9d39-2f9988e76480,18700a3e-e49d-4ef5-82c0-37c3e2db88d7
905c3f4e-fc7f-47d8-9553-d8b316d1c843,18700a3e-e49d-4ef5-82c0-37c3e2db88d7
908472ce-0bcf-46d1-be72-5cc57829566f,18700a3e-e49d-4ef5-82c0-37c3e2db88d7
91dad8e2-1e8d-4669-8b4a-5f89d237009d,18700a3e-e49d-4ef5-82c0-37c3e2db88d7
933c735d-9ecf-416b-b4e3-4783cd2b683f,18700a3e-e49d-4ef5-82c0-37c3e2db88d7
950c94fb-3102-4cb4-b528-1e63d14efd80,18700a3e-e49d-4ef5-82c0-37c3e2db88d7
95c5010d-3ebf-4977-9d1f-50431f853670,
96b9ba46-b580-440b-80a1-3aa7862042bd,18700a3e-e49d-4ef5-82c0-37c3e2db88d7
975118ae-25b7-4568-8864-5fc6b7312934,18700a3e-e49d-4ef5-82c0-37c3e2db88d7
976b55e2-d0d2-473e-a12b-521c0b15e61a,18700a3e-e49d-4ef5-82c0-37c3e2db88d7
97a78e3e-9aef-41eb-859f-6ec415db43ca,18700a3e-e49d-4ef5-82c0-37c3e2db88d7
9810e730-684f-4c7a-9b0a-a909f913e433,18700a3e-e49d-4ef5-82c0-37c3e2db88d7
9864eb2b-2a68-4010-ac41-d05b77001812,18700a3e-e49d-4ef5-82c0-37c3e2db88d7
986a5d12-1f36-486c-985f-f9647eea6f02,18700a3e-e49d-4ef5-82c0-37c3e2db88d7
98a3f931-9c43-4dca-aad4-d10428d022e2,18700a3e-e49d-4ef5-82c0-37c3e2db88d7
98e766f9-eb2b-4051-b18f-d01aeb1cef1b,18700a3e-e49d-4ef5-82c0-37c3e2db88d7
990209ca-520d-4421-a383-b111a5de086a,18700a3e-e49d-4ef5-82c0-37c3e2db88d7
9912d969-1e46-49f7-b13a-cb413bd619cb,18700a3e-e49d-4ef5-82c0-37c3e2db88d7
9adf89f1-031b-4bd9-acea-8d26ed6c9f50,18700a3e-e49d-4ef5-82c0-37c3e2db88d7
9b6f8b0f-17a6-44a5-b685-1daf5f79ba6e,18700a3e-e49d-4ef5-82c0-37c3e2db88d7
9b88eec7-2885-4c8a-869c-7bb9cb6eb6b8,18700a3e-e49d-4ef5-82c0-37c3e2db88d7
9dbaf77f-5408-4f0c-a8b9-1e994c33a8c0,18700a3e-e49d-4ef5-82c0-37c3e2db88d7
9e40bac1-4950-4dcc-b49e-b3f20e12ee42,18700a3e-e49d-4ef5-82c0-37c3e2db88d7
9ebd5a9d-014c-46ce-954e-523c8a181340,18700a3e-e49d-4ef5-82c0-37c3e2db88d7
9f1ff215-2867-44f5-9771-d5f5fe006323,18700a3e-e49d-4ef5-82c0-37c3e2db88d7
9f7cf383-5d3f-4a8a-9884-c32dffd6a905,
9fa1ad09-20ae-4278-b4e6-37710d3e6a69,18700a3e-e49d-4ef5-82c0-37c3e2db88d7
a0366a70-1419-497f-9454-016275857f5d,18700a3e-e49d-4ef5-82c0-37c3e2db88d7
a178e0cf-6cea-4eb2-bd87-3823c0dc083e,18700a3e-e49d-4ef5-82c0-37c3e2db88d7
a17ce6c9-3e63-46d6-a83f-bc4be5ca3897,18700a3e-e49d-4ef5-82c0-37c3e2db88d7
a23d1f75-6b97-45ea-b8b3-455fdd6f74b2,18700a3e-e49d-4ef5-82c0-37c3e2db88d7
a25d5d1a-1400-4a72-acf1-db4baa6ff64a,18700a3e-e49d-4ef5-82c0-37c3e2db88d7
a3206ca3-8470-4280-a309-8695e4beb431,18700a3e-e49d-4ef5-82c0-37c3e2db88d7
a37e444d-a764-47bb-a8ad-e9e838b52ecf,18700a3e-e49d-4ef5-82c0-37c3e2db88d7
a3d66440-3ef8-4c23-be0a-1a9785bd1afa,18700a3e-e49d-4ef5-82c0-37c3e2db88d7
a47287bf-99d3-4e62-a91c-970eb03cec25,18700a3e-e49d-4ef5-82c0-37c3e2db88d7
a49b7029-7629-48a7-a7e4-f124caf4ea7f,18700a3e-e49d-4ef5-82c0-37c3e2db88d7
a51ade4c-eab2-4e2f-a9b4-6ae374ce9cfa,18700a3e-e49d-4ef5-82c0-37c3e2db88d7
a54e32bf-ffee-4c63-9abd-d5f2cd92222b,18700a3e-e49d-4ef5-82c0-37c3e2db88d7
a5673f55-3742-46b6-9775-6bc230322de1,18700a3e-e49d-4ef5-82c0-37c3e2db88d7
a61254ce-cbc0-429c-a60e-48bb7a8e2cfe,18700a3e-e49d-4ef5-82c0-37c3e2db88d7
a6cb2a90-8979-4fb5-ab49-06ce1102fc1f,18700a3e-e49d-4ef5-82c0-37c3e2db88d7
a70ecedb-0b60-4105-95bc-d27a5d1c9a05,18700a3e-e49d-4ef5-82c0-37c3e2db88d7
a7658b7f-e19f-41e3-a3c2-994917a4a36f,18700a3e-e49d-4ef5-82c0-37c3e2db88d7
a7bf2323-467c-45ac-9536-e4150dcc16f0,
a9fe0a69-82ca-4198-8392-4db675910304,18700a3e-e49d-4ef5-82c0-37c3e2db88d7
aa3f11a9-55ee-46ed-991a-05d0d41f724a,18700a3e-e49d-4ef5-82c0-37c3e2db88d7
aa6f19a2-f0dd-4641-84d9-497417550d5c,18700a3e-e49d-4ef5-82c0-37c3e2db88d7
aa8241b9-044a-4ffc-a574-86397759fca7,18700a3e-e49d-4ef5-82c0-37c3e2db88d7
aaaffcb7-a631-409f-9425-60d405e651f3,18700a3e-e49d-4ef5-82c0-37c3e2db88d7
ab79f82f-76ca-43f7-ae81-3d3b889a9cdd,18700a3e-e49d-4ef5-82c0-37c3e2db88d7
acb194fe-0b22-4bda-80b1-fd16c7650a80,18700a3e-e49d-4ef5-82c0-37c3e2db88d7
acc1728d-3d30-40d2-970a-f8d025bfe796,18700a3e-e49d-4ef5-82c0-37c3e2db88d7
ad04630e-2bc3-4b39-92a4-06d8daa9fc39,18700a3e-e49d-4ef5-82c0-37c3e2db88d7
ad04e0f0-351c-4440-bef4-30b8738e7da7,18700a3e-e49d-4ef5-82c0-37c3e2db88d7
ad218c0b-d79e-4905-97c8-824cf80efe17,18700a3e-e49d-4ef5-82c0-37c3e2db88d7
ad60482b-1f73-4574-a9b3-7d25360f8a9a,18700a3e-e49d-4ef5-82c0-37c3e2db88d7
ae23a59e-4be3-422b-98c8-d1250f5383e6,18700a3e-e49d-4ef5-82c0-37c3e2db88d7
b1bef1b1-a89b-4340-bc1b-b8d92f08b93b,18700a3e-e49d-4ef5-82c0-37c3e2db88d7
b1d4f155-40dd-499e-96f7-536b690647a0,18700a3e-e49d-4ef5-82c0-37c3e2db88d7
b22a5e27-4572-431e-b56b-79847f3e8e3d,18700a3e-e49d-4ef5-82c0-37c3e2db88d7
b40a204a-47d6-493e-86c6-80f561e73883,18700a3e-e49d-4ef5-82c0-37c3e2db88d7
b426ddf2-0dbf-4ccd-9235-3e87fd624136,136bb0f5-3077-471d-a9f9-265f86ba33c3
b4fa32af-fd69-422c-b9c5-b0151d7263ad,18700a3e-e49d-4ef5-82c0-37c3e2db88d7
b6b925c5-c039-491d-b16d-37351e59192f,18700a3e-e49d-4ef5-82c0-37c3e2db88d7
b6d1334e-88cf-4e9b-bc25-50b7189f22c7,18700a3e-e49d-4ef5-82c0-37c3e2db88d7
b70f3b82-e7f9-4c38-88c5-c361dd89f0fc,18700a3e-e49d-4ef5-82c0-37c3e2db88d7
b721658f-d979-4220-aafa-f1d49a387b12,18700a3e-e49d-4ef5-82c0-37c3e2db88d7
b73746a0-1df7-49f0-a794-3f20a0295f6f,18700a3e-e49d-4ef5-82c0-37c3e2db88d7
b7926538-46a6-4340-ae34-8ce2495ebc8c,18700a3e-e49d-4ef5-82c0-37c3e2db88d7
b7d4d212-5e37-49dc-8493-42c70aa1d001,18700a3e-e49d-4ef5-82c0-37c3e2db88d7
b84bf3dc-fbb5-4dc5-b4f8-62a4497135c0,18700a3e-e49d-4ef5-82c0-37c3e2db88d7
b94ad153-cce8-4ef2-856d-303a77c1fccb,18700a3e-e49d-4ef5-82c0-37c3e2db88d7
ba354e0f-2d0a-40dc-ac93-2566c4f0462d,18700a3e-e49d-4ef5-82c0-37c3e2db88d7
bad993e6-dbd4-4615-a74e-716bba19d883,18700a3e-e49d-4ef5-82c0-37c3e2db88d7
bd152cd4-707e-4ccb-bff6-663c16d38afb,18700a3e-e49d-4ef5-82c0-37c3e2db88d7
bd3e026e-c527-4bb5-bef4-37928b02d88f,18700a3e-e49d-4ef5-82c0-37c3e2db88d7
bdcd2275-427c-4cad-abda-ff3791d63b9f,18700a3e-e49d-4ef5-82c0-37c3e2db88d7
be49ad71-eded-492f-a551-cf1a64f2e28e,18700a3e-e49d-4ef5-82c0-37c3e2db88d7
bf94e192-eb85-47d2-99dd-fb2645a8109a,18700a3e-e49d-4ef5-82c0-37c3e2db88d7
bfed37cd-3bca-4653-ba73-06df4eeb6981,18700a3e-e49d-4ef5-82c0-37c3e2db88d7
c0bc50ca-c1bd-4d0f-8b4f-f3f578421acd,18700a3e-e49d-4ef5-82c0-37c3e2db88d7
c13a0578-78b6-4528-a0c2-0f6ff8cfc5e6,18700a3e-e49d-4ef5-82c0-37c3e2db88d7
c2598de2-c97f-447c-8a08-47cd9fc617e3,18700a3e-e49d-4ef5-82c0-37c3e2db88d7
c2967eb4-40e1-48f0-9fa4-f47ef76f6434,18700a3e-e49d-4ef5-82c0-37c3e2db88d7
c4465805-deb1-4278-a4f9-bf4488544190,18700a3e-e49d-4ef5-82c0-37c3e2db88d7
c5130c6d-a4c7-4c18-8111-2b0cf77b23d4,18700a3e-e49d-4ef5-82c0-37c3e2db88d7
c545363a-2b8d-48e5-82f3-52f1fe14bf0d,18700a3e-e49d-4ef5-82c0-37c3e2db88d7
c69519b6-9f73-42fc-a478-3d705280f212,18700a3e-e49d-4ef5-82c0-37c3e2db88d7
c71b5707-33d8-4400-a7d4-4ea91d7717ee,18700a3e-e49d-4ef5-82c0-37c3e2db88d7
c7df1d2a-4bf8-41fe-8c19-10512106d907,18700a3e-e49d-4ef5-82c0-37c3e2db88d7
c935c3dd-d6ea-401e-9cf0-178cf8f8e06a,18700a3e-e49d-4ef5-82c0-37c3e2db88d7
c9743922-accd-4850-ba81-3fcbd1b1a04d,18700a3e-e49d-4ef5-82c0-37c3e2db88d7
c985df75-a065-4f9e-beec-2bd5fe120a67,18700a3e-e49d-4ef5-82c0-37c3e2db88d7
c9a51686-5a4e-4452-8fe7-9454d7d5772c,18700a3e-e49d-4ef5-82c0-37c3e2db88d7
c9dbaaed-97ce-47d7-b1b6-924396a12072,18700a3e-e49d-4ef5-82c0-37c3e2db88d7
ca20c0c7-502e-446d-8ab0-4a5bdf89c0d8,18700a3e-e49d-4ef5-82c0-37c3e2db88d7
ca764361-7261-484f-80d2-7a67675f583f,18700a3e-e49d-4ef5-82c0-37c3e2db88d7
caaad92a-b136-424a-b08b-0d88d6533ed9,18700a3e-e49d-4ef5-82c0-37c3e2db88d7
cb0b0fee-a5ea-4a54-870a-c618dbc21d51,18700a3e-e49d-4ef5-82c0-37c3e2db88d7
cb9fa3d6-69f5-42f3-871c-e7cf284df561,18700a3e-e49d-4ef5-82c0-37c3e2db88d7
cbfecc4a-be22-40c4-9f4c-f340bb18c94d,18700a3e-e49d-4ef5-82c0-37c3e2db88d7
cc0dac0e-6114-4f19-9d7f-d1101ec3f20f,18700a3e-e49d-4ef5-82c0-37c3e2db88d7
cc65fe98-8744-4732-a5d6-c25e48c37a02,18700a3e-e49d-4ef5-82c0-37c3e2db88d7
cd06c9ec-61c5-415d-8b5b-b3e4e3f1f821,18700a3e-e49d-4ef5-82c0-37c3e2db88d7
ce209127-0a37-4e72-9375-7169d98c262d,18700a3e-e49d-4ef5-82c0-37c3e2db88d7
cf469d90-407a-46c8-b301-2aaa7edb8f4d,18700a3e-e49d-4ef5-82c0-37c3e2db88d7
d05ee83b-ac90-43e6-8c6e-6c26f53629b2,f2653003-b6af-4e04-b5ff-36ad0aeaa7e4
d0d8b86c-7abc-4180-9b70-64ed133517c3,18700a3e-e49d-4ef5-82c0-37c3e2db88d7
d2ab2aae-fee4-4952-8afc-3370fd1fab87,18700a3e-e49d-4ef5-82c0-37c3e2db88d7
d32e709c-d5b8-4764-94ab-28047cbb3802,18700a3e-e49d-4ef5-82c0-37c3e2db88d7
d355e239-b649-4f33-8830-3e03bc5a6e9f,18700a3e-e49d-4ef5-82c0-37c3e2db88d7
d36f0a33-52ea-471a-82ab-b5d9e3d75344,18700a3e-e49d-4ef5-82c0-37c3e2db88d7
d45f3fc2-2ce5-43d1-b223-1357654b8526,18700a3e-e49d-4ef5-82c0-37c3e2db88d7
d536ed33-96c4-4b6e-a236-ac6bbe790876,18700a3e-e49d-4ef5-82c0-37c3e2db88d7
d5b9187b-a467-43bb-ae0d-27c3160acc7c,18700a3e-e49d-4ef5-82c0-37c3e2db88d7
d7257851-f8f0-4497-b02c-9b0c4e2797e0,18700a3e-e49d-4ef5-82c0-37c3e2db88d7
d744ce46-d0e9-44a6-8b3a-71efbba506c1,18700a3e-e49d-4ef5-82c0-37c3e2db88d7
d7540406-8d3a-4a0a-814f-198296b07e42,18700a3e-e49d-4ef5-82c0-37c3e2db88d7
d8023cba-8402-4a4d-87f4-eb6120f10ae0,18700a3e-e49d-4ef5-82c0-37c3e2db88d7
d90e425a-ac1c-41e6-9ed1-a61a94b3645a,18700a3e-e49d-4ef5-82c0-37c3e2db88d7
d97730d5-f913-4515-ba4c-1e7a6fe14734,18700a3e-e49d-4ef5-82c0-37c3e2db88d7
d9d22e57-aa5d-45a2-b593-2a0c70ed2215,18700a3e-e49d-4ef5-82c0-37c3e2db88d7
da513459-cb76-4f21-88c2-0568922d07f0,18700a3e-e49d-4ef5-82c0-37c3e2db88d7
da85c622-562f-4723-80a4-ed73dd32787a,18700a3e-e49d-4ef5-82c0-37c3e2db88d7
da8a3199-2d42-418d-91ff-405f7d627dcf,18700a3e-e49d-4ef5-82c0-37c3e2db88d7
db344637-e879-4fde-a9e0-bdc9b13f3365,18700a3e-e49d-4ef5-82c0-37c3e2db88d7
de3841dc-9c5a-4b85-80d8-9a0527af783e,18700a3e-e49d-4ef5-82c0-37c3e2db88d7
de56b300-12a4-45f2-aff3-ac16854c2e7d,18700a3e-e49d-4ef5-82c0-37c3e2db88d7
dea109d1-d3b4-476b-a1cc-fe748186e279,18700a3e-e49d-4ef5-82c0-37c3e2db88d7
df17a95a-79c2-4b66-95bf-a797765dbcbc,18700a3e-e49d-4ef5-82c0-37c3e2db88d7
df3e1c9e-bacb-499e-8296-67c00cfd366d,18700a3e-e49d-4ef5-82c0-37c3e2db88d7
df6155ed-5a96-432b-a623-cda01c332c32,18700a3e-e49d-4ef5-82c0-37c3e2db88d7
df6f27e1-a32b-4833-b9fa-32785065d37a,18700a3e-e49d-4ef5-82c0-37c3e2db88d7
dfd3e927-e4cd-4f7d-9601-3082ffbc0dc7,18700a3e-e49d-4ef5-82c0-37c3e2db88d7
e08b7f4f-586b-4bed-a040-fde21bd323c6,18700a3e-e49d-4ef5-82c0-37c3e2db88d7
e1881828-a37c-4279-ab63-41097b381606,18700a3e-e49d-4ef5-82c0-37c3e2db88d7
e1d1d028-8154-4840-993d-ac6574de49ce,18700a3e-e49d-4ef5-82c0-37c3e2db88d7
e22530a5-2db2-4e8f-9e01-2e9579bcb81c,18700a3e-e49d-4ef5-82c0-37c3e2db88d7
e24d79f3-9985-47c3-b55b-2204422f615c,18700a3e-e49d-4ef5-82c0-37c3e2db88d7
e2af502b-729f-4cb3-8ca8-b4e199a4599e,18700a3e-e49d-4ef5-82c0-37c3e2db88d7
e2b8a93b-3d27-4bc7-8754-a521ab07a1ef,18700a3e-e49d-4ef5-82c0-37c3e2db88d7
e2c2fefc-e2f0-4784-8f4a-4565b5ed0d4a,18700a3e-e49d-4ef5-82c0-37c3e2db88d7
e327ed4f-fdd8-4bd6-8bdd-f73e42055428,18700a3e-e49d-4ef5-82c0-37c3e2db88d7
e505ddfd-c06c-40e4-9e6a-a3ef44640256,18700a3e-e49d-4ef5-82c0-37c3e2db88d7
e63dc73b-0c6e-4934-8d69-9069c3febf3f,18700a3e-e49d-4ef5-82c0-37c3e2db88d7
e6908b0f-71aa-4b17-b7c8-299f045659a7,18700a3e-e49d-4ef5-82c0-37c3e2db88d7
e758148f-5d2a-44c9-bb22-7e9e6a11d08e,18700a3e-e49d-4ef5-82c0-37c3e2db88d7
e789072a-3d14-4921-8b5c-ed914c29cc37,18700a3e-e49d-4ef5-82c0-37c3e2db88d7
e87cb565-50a7-442e-a40e-f91a8b67e525,18700a3e-e49d-4ef5-82c0-37c3e2db88d7
e9b95189-d762-4638-b63a-ef453681f9fc,18700a3e-e49d-4ef5-82c0-37c3e2db88d7
e9ced8c9-f31a-4ff2-9455-8deb86345456,18700a3e-e49d-4ef5-82c0-37c3e2db88d7
eb0e3a5f-b520-499e-9eab-cbbe92103827,18700a3e-e49d-4ef5-82c0-37c3e2db88d7
eb298c0d-00f3-4285-ad42-894dc565e5b4,18700a3e-e49d-4ef5-82c0-37c3e2db88d7
ec3481dd-f502-4127-a8c8-4c1270862d50,18700a3e-e49d-4ef5-82c0-37c3e2db88d7
ec5e7805-6ea3-4d57-8214-b5c60f81e3fe,18700a3e-e49d-4ef5-82c0-37c3e2db88d7
eccfea38-eb9f-460a-ad8b-55c5cdd55066,18700a3e-e49d-4ef5-82c0-37c3e2db88d7
ed2fe26a-9cd0-4aaa-bd82-177e924c77ad,18700a3e-e49d-4ef5-82c0-37c3e2db88d7
eda74649-57ed-465e-8251-e525eb2b87c2,18700a3e-e49d-4ef5-82c0-37c3e2db88d7
ef4a67c6-8a1a-4237-bbfd-77e1bceb30b8,18700a3e-e49d-4ef5-82c0-37c3e2db88d7
f0049900-5016-43de-a637-e143a6a91641,18700a3e-e49d-4ef5-82c0-37c3e2db88d7
f04f6760-c8e8-48ea-937c-c2ee78f2845f,18700a3e-e49d-4ef5-82c0-37c3e2db88d7
f21c6646-ab4d-4ea2-afa2-b69cc3242683,18700a3e-e49d-4ef5-82c0-37c3e2db88d7
f351a82a-16e7-4124-b348-f0b74706e6e1,18700a3e-e49d-4ef5-82c0-37c3e2db88d7
f432935e-66ca-4cde-b27d-1e3a650daeae,18700a3e-e49d-4ef5-82c0-37c3e2db88d7
f5828ca5-c3fb-4009-af6a-c13e4c781aad,18700a3e-e49d-4ef5-82c0-37c3e2db88d7
f5c283b7-bcca-431d-8509-ecd5ae2715f7,18700a3e-e49d-4ef5-82c0-37c3e2db88d7
f641eb42-0988-4c81-beda-36714d3b9294,18700a3e-e49d-4ef5-82c0-37c3e2db88d7
f6763902-4c68-4384-9d66-71db6ebceaa3,18700a3e-e49d-4ef5-82c0-37c3e2db88d7
f76ce93c-5e65-441a-a989-93a8cc9b0218,18700a3e-e49d-4ef5-82c0-37c3e2db88d7
f7f1b012-cd96-418e-9439-c3e694ff2401,18700a3e-e49d-4ef5-82c0-37c3e2db88d7
f80beba9-134b-4749-9d8e-89b1e8c2690b,18700a3e-e49d-4ef5-82c0-37c3e2db88d7
f8985b76-d137-4775-8820-3a1f16be9bb8,18700a3e-e49d-4ef5-82c0-37c3e2db88d7
f8a7ec20-82f0-4bcb-aeef-5c4687f6cc83,18700a3e-e49d-4ef5-82c0-37c3e2db88d7
f909b121-190f-400d-ba62-9919c30907f3,18700a3e-e49d-4ef5-82c0-37c3e2db88d7
f9d55975-3638-4fa9-aae7-18990e4ac209,18700a3e-e49d-4ef5-82c0-37c3e2db88d7
fa8ab8c9-2bbb-4742-a1fc-2851e8a4494f,18700a3e-e49d-4ef5-82c0-37c3e2db88d7
fabd7e3e-7405-41c7-b09a-d06b2f3f8fcd,18700a3e-e49d-4ef5-82c0-37c3e2db88d7
fac96540-a4fe-4f2c-8528-fa82a9b6c96f,18700a3e-e49d-4ef5-82c0-37c3e2db88d7
fd5a303b-dbfa-495b-908e-e9e41ceb8a9d,18700a3e-e49d-4ef5-82c0-37c3e2db88d7
fefbc018-913f-4c95-b424-c6a6a9042909,18700a3e-e49d-4ef5-82c0-37c3e2db88d7
